Workbook

Sheet Premissas
A1: PREMISSAS — 1T26 SmartFit Brasil
A3: INPUTS OPERACIONAIS (amarelo = editável)
A4: # academias Smart Fit Brasil próprias EoP | B4: 720 | C4: +27 net adds vs 4T25 (1T tipicamente menor que 4T)
A5: # alunos Smart Fit Brasil próprias EoP (mil) | B5: 1818 | C5: +6% YoY (desaceleração; 1T25 foi +12% YoY vs 1T24)
A6: Ticket ex-TP 1T26 (R$/mês — balcão puro) | B6: 105 | C6: 1T25 ex-TP foi 104.6; +0.4% YoY (repasse Black novos cancela vs 1T25)
A9: INPUTS TOTALPASS (editáveis)
A10: TP freq% 1T26 (% check-ins TP em SF próprias BR) | B10: 0.165 | C10: Default: 2026 anual 18% × peso MAU 1T26 × intensidade 1.10 = 16.5%
A11: TP rev% 1T26 (% receita SF própria BR via TP) | B11: 0.138 | C11: Default: 2026 anual 15% × mesmo peso = 13.8%
A14: OUTPUTS DERIVADOS (verde = formula → muda quando você ajusta os inputs)
A15: Alunos média 1T26 (mil) | B15: =(B5+1595)/2 | C15: =(alunos_EoP_1T26 + alunos_EoP_4T25=1595) / 2
A16: # acad média 1T26 | B16: =(B4+693)/2 | C16: =(acad_EoP_1T26 + acad_EoP_4T25=693) / 2
A17: Receita balcão 1T26 (R$ mm) | B17: =B6*B15*3/1000 | C17: =ticket_ex_TP × alunos_média × 3 meses / 1000
A18: Receita TOTAL Smart Fit Brasil 1T26 (R$ mm) | B18: =B17/(1-B11) | C18: =receita_balcão / (1 - TP_rev%) — ESTE é o número comparável ao disclosed
A19: Ticket consolidado 1T26 (R$/mês — disclosed) | B19: =B6/(1-B11) | C19: =ticket_ex_TP / (1 - TP_rev%) — comparável ao ticket reportado
A21: REFERÊNCIA — 1T25 (anchor YoY)
A22: Receita Smart Fit Brasil 1T25 | B22: 577.5
A23: # academias EoP 1T25 | B23: 573
A24: # alunos EoP 1T25 | B24: 1715
A25: Ticket ex-TP 1T25 | B25: 104.6
A26: Ticket consolidado 1T25 | B26: 117.6
A27: TP freq% 1T25 | B27: 0.138
A28: TP rev% 1T25 | B28: 0.11
A30: TP MAU Brasil — Sensor Tower (referência)
A31: TP MAU 1T26 (Jan-Mar) | B31: 11554000 | C31: Real
A32: TP MAU 1T25 | B32: 5641066 | C32: +105% YoY MAU
A33: TP MAU 2025 anual | B33: 27312195 | C33: anchor 15% freq disclosed
A34: TP MAU 2024 anual | B34: 14646891 | C34: anchor 11% freq disclosed; growth 25/24 = +86%
A36: NOTAS
A37: • Receita NÃO é input direto — é OUTPUT de (alunos × ticket × 3) / (1 - TP_rev%).
A38: • Sensibilize ticket ex-TP YoY: 1T25 foi 104.6, default 1T26 = 105.0 (+0.4% YoY).
A39: → Plano Black 1T26 tem repasse novo, mas o mesmo ocorreu em 1T25 (cancela YoY).
A40: → 1T25 ticket ex-TP já foi +4.7% YoY vs 1T24 (efeito Black acumulado).
A41: • 4T25 ticket ex-TP foi 109.2 — levemente exagerado pelas 88 aberturas (alunos média baixa proporcional).
A42: • Sazonalidade uso 1T = 1.10× → TP freq% 1T26 acima do anual 18% × intensidade.
A43: • TP MAU 1T26 = 11.55M (+105% YoY). Se 2026 anual = 18% freq, 1T26 ≈ 16.5%.
A44: • Mude qualquer célula amarela e a Tabela KPIs recalcula tudo.

Sheet Tabela KPIs
A1: Smart Fit Brasil próprias — KPIs operacionais
A2: Histórico 1T23-4T25 + estimativa 1T26 (linha amarela = recalcula com Premissas)
A4: Período | B4: Receita BR (R$ mm) | C4: # acad EoP | D4: Alunos EoP (mil) | E4: # acad média | F4: Alunos média (mil) | G4: R/Loja anual (R$ mm) | H4: YoY | I4: Ticket mensal (R$) | J4: YoY | K4: Alunos/loja (mil) | L4: YoY | M4: Alunos/loja c/TP (mil) | N4: YoY | O4: Ticket ex-TP (R$) | P4: YoY | Q4: TP freq% | R4: TP rev%
A5: 4T22 | C5: 429 | D5: 1165
A6: 1T23 | B6: 383.5 | C6: 431 | D6: 1307 | E6: =(C6+C5)/2 | F6: =(D6+D5)/2 | G6: =B6*4/E6 | I6: =B6*1000/3/F6 | K6: =F6/E6/1000
A7: 2T23 | B7: 405.7 | C7: 431 | D7: 1277 | E7: =(C7+C6)/2 | F7: =(D7+D6)/2 | G7: =B7*4/E7 | I7: =B7*1000/3/F7 | K7: =F7/E7/1000
A8: 3T23 | B8: 413 | C8: 448 | D8: 1316 | E8: =(C8+C7)/2 | F8: =(D8+D7)/2 | G8: =B8*4/E8 | I8: =B8*1000/3/F8 | K8: =F8/E8/1000
A9: 4T23 | B9: 425.1 | C9: 486 | D9: 1353 | E9: =(C9+C8)/2 | F9: =(D9+D8)/2 | G9: =B9*4/E9 | H9: =IFERROR(G9/G5-1,"") | I9: =B9*1000/3/F9 | J9: =IFERROR(I9/I5-1,"") | K9: =F9/E9/1000 | L9: =IFERROR(K9/K5-1,"") | N9: =IFERROR(M9/M5-1,"") | P9: =IFERROR(O9/O5-1,"")
A10: 1T24 | B10: 464.8 | C10: 493 | D10: 1525 | E10: =(C10+C9)/2 | F10: =(D10+D9)/2 | G10: =B10*4/E10 | H10: =IFERROR(G10/G6-1,"") | I10: =B10*1000/3/F10 | J10: =IFERROR(I10/I6-1,"") | K10: =F10/E10/1000 | L10: =IFERROR(K10/K6-1,"") | M10: =F10/(1-Q10)/E10/1000 | N10: =IFERROR(M10/M6-1,"") | O10: =B10*(1-R10)*1000/3/F10 | P10: =IFERROR(O10/O6-1,"") | Q10: 0.0927 | R10: 0.0674
A11: 2T24 | B11: 482 | C11: 506 | D11: 1515 | E11: =(C11+C10)/2 | F11: =(D11+D10)/2 | G11: =B11*4/E11 | H11: =IFERROR(G11/G7-1,"") | I11: =B11*1000/3/F11 | J11: =IFERROR(I11/I7-1,"") | K11: =F11/E11/1000 | L11: =IFERROR(K11/K7-1,"") | M11: =F11/(1-Q11)/E11/1000 | N11: =IFERROR(M11/M7-1,"") | O11: =B11*(1-R11)*1000/3/F11 | P11: =IFERROR(O11/O7-1,"") | Q11: 0.0978 | R11: 0.0711
A12: 3T24 | B12: 503.7 | C12: 525 | D12: 1559 | E12: =(C12+C11)/2 | F12: =(D12+D11)/2 | G12: =B12*4/E12 | H12: =IFERROR(G12/G8-1,"") | I12: =B12*1000/3/F12 | J12: =IFERROR(I12/I8-1,"") | K12: =F12/E12/1000 | L12: =IFERROR(K12/K8-1,"") | M12: =F12/(1-Q12)/E12/1000 | N12: =IFERROR(M12/M8-1,"") | O12: =B12*(1-R12)*1000/3/F12 | P12: =IFERROR(O12/O8-1,"") | Q12: 0.1274 | R12: 0.0927
A13: 4T24 | B13: 524 | C13: 569 | D13: 1560 | E13: =(C13+C12)/2 | F13: =(D13+D12)/2 | G13: =B13*4/E13 | H13: =IFERROR(G13/G9-1,"") | I13: =B13*1000/3/F13 | J13: =IFERROR(I13/I9-1,"") | K13: =F13/E13/1000 | L13: =IFERROR(K13/K9-1,"") | M13: =F13/(1-Q13)/E13/1000 | N13: =IFERROR(M13/M9-1,"") | O13: =B13*(1-R13)*1000/3/F13 | P13: =IFERROR(O13/O9-1,"") | Q13: 0.1221 | R13: 0.0888
A14: 1T25 | B14: 577.5 | C14: 573 | D14: 1715 | E14: =(C14+C13)/2 | F14: =(D14+D13)/2 | G14: =B14*4/E14 | H14: =IFERROR(G14/G10-1,"") | I14: =B14*1000/3/F14 | J14: =IFERROR(I14/I10-1,"") | K14: =F14/E14/1000 | L14: =IFERROR(K14/K10-1,"") | M14: =F14/(1-Q14)/E14/1000 | N14: =IFERROR(M14/M10-1,"") | O14: =B14*(1-R14)*1000/3/F14 | P14: =IFERROR(O14/O10-1,"") | Q14: 0.1376 | R14: 0.1101
A15: 2T25 | B15: 595.7 | C15: 587 | D15: 1635 | E15: =(C15+C14)/2 | F15: =(D15+D14)/2 | G15: =B15*4/E15 | H15: =IFERROR(G15/G11-1,"") | I15: =B15*1000/3/F15 | J15: =IFERROR(I15/I11-1,"") | K15: =F15/E15/1000 | L15: =IFERROR(K15/K11-1,"") | M15: =F15/(1-Q15)/E15/1000 | N15: =IFERROR(M15/M11-1,"") | O15: =B15*(1-R15)*1000/3/F15 | P15: =IFERROR(O15/O11-1,"") | Q15: 0.1252 | R15: 0.1002
A16: 3T25 | B16: 605.3 | C16: 605 | D16: 1620 | E16: =(C16+C15)/2 | F16: =(D16+D15)/2 | G16: =B16*4/E16 | H16: =IFERROR(G16/G12-1,"") | I16: =B16*1000/3/F16 | J16: =IFERROR(I16/I12-1,"") | K16: =F16/E16/1000 | L16: =IFERROR(K16/K12-1,"") | M16: =F16/(1-Q16)/E16/1000 | N16: =IFERROR(M16/M12-1,"") | O16: =B16*(1-R16)*1000/3/F16 | P16: =IFERROR(O16/O12-1,"") | Q16: 0.1631 | R16: 0.1305
A17: 4T25 | B17: 611.7 | C17: 693 | D17: 1595 | E17: =(C17+C16)/2 | F17: =(D17+D16)/2 | G17: =B17*4/E17 | H17: =IFERROR(G17/G13-1,"") | I17: =B17*1000/3/F17 | J17: =IFERROR(I17/I13-1,"") | K17: =F17/E17/1000 | L17: =IFERROR(K17/K13-1,"") | M17: =F17/(1-Q17)/E17/1000 | N17: =IFERROR(M17/M13-1,"") | O17: =B17*(1-R17)*1000/3/F17 | P17: =IFERROR(O17/O13-1,"") | Q17: 0.1741 | R17: 0.1393
A18: 1T26 (est) | B18: =O18*F18*3/1000/(1-R18) | C18: =Premissas!B4 | D18: =Premissas!B5 | E18: =(C18+C17)/2 | F18: =(D18+D17)/2 | G18: =B18*4/E18 | H18: =IFERROR(G18/G14-1,"") | I18: =B18*1000/3/F18 | J18: =IFERROR(I18/I14-1,"") | K18: =F18/E18/1000 | L18: =IFERROR(K18/K14-1,"") | M18: =F18/(1-Q18)/E18/1000 | N18: =IFERROR(M18/M14-1,"") | O18: =Premissas!B6 | P18: =IFERROR(O18/O14-1,"") | Q18: =Premissas!B10 | R18: =Premissas!B11
